[{"assetType":"PassmanData","assetObject":{"name":"b67735b3-a6b8-4442-8d0f-df9f92d5a03a-clientSecret","id":"b67735b3-a6b8-4442-8d0f-df9f92d5a03a-clientSecret","status":"Success","explanation":"OK","warning":false}},{"assetType":"PolicyAction","assetObject":{"name":"Policy Action [Straight Through Routing] -> Policy For API OpenID-PoC[1.0]","id":"8e44ed54-df43-4835-b568-d13caa0b7646","status":"Success","explanation":"OK","warning":false}},{"assetType":"PolicyAction","assetObject":{"name":"Policy Action [Identify & Authorize] -> Policy For API OpenID-PoC[1.0]","id":"de81175e-7f59-49ff-b276-10aa8988fe69","status":"Success","explanation":"OK","warning":false}},{"assetType":"RegisteredApplication","assetObject":{"name":"RegisteredApplication [ openid-application ]","id":"71d4de82-ce7f-4993-b24c-32ce9388b35f","status":"Success","explanation":"OK","warning":false}},{"assetType":"PolicyAction","assetObject":{"name":"Policy Action [Enable HTTP / HTTPS] -> Policy For API OpenID-PoC[1.0]","id":"c5b971a0-f31d-467a-a687-a027c8665a6e","status":"Success","explanation":"OK","warning":false}},{"assetType":"Policy","assetObject":{"name":"Policy For API OpenID-PoC[1.0]","id":"1e095c94-41df-4888-b7db-13e5fd9d3f50","status":"Success","explanation":"OK","warning":false}},{"assetType":"API","assetObject":{"name":"OpenID-PoC[1.0]","id":"b37a1a1f-96ff-4fef-a110-f17898e20634","status":"Success","explanation":"OK","warning":false}},{"assetType":"Strategy","assetObject":{"name":"openid-api","id":"11e7aa78-ec5d-4d8c-a84c-ea537215b827","status":"Success","explanation":"OK","warning":false}},{"assetType":"PassmanData","assetObject":{"name":"API_ACCESS_KEY71d4de82-ce7f-4993-b24c-32ce9388b35f","id":"API_ACCESS_KEY71d4de82-ce7f-4993-b24c-32ce9388b35f","status":"Success","explanation":"OK","warning":false}},{"assetType":"Application","assetObject":{"name":"openid-application","id":"71d4de82-ce7f-4993-b24c-32ce9388b35f","status":"Success","explanation":"OK","warning":false}}]