[{"assetType":"Application","assetObject":{"name":"openid-application","id":"567359ca-60fe-4a1e-ae22-7356d4c59eca","status":"Success","explanation":"OK","warning":false}},{"assetType":"API","assetObject":{"name":"OpenID-PoC[1.0]","id":"b37a1a1f-96ff-4fef-a110-f17898e20634","status":"Success","explanation":"OK","warning":false}},{"assetType":"PolicyAction","assetObject":{"name":"Policy Action [Enable HTTP / HTTPS] -> Policy For API OpenID-PoC[1.0]","id":"c5b971a0-f31d-467a-a687-a027c8665a6e","status":"Success","explanation":"OK","warning":false}},{"assetType":"PolicyAction","assetObject":{"name":"Policy Action [Identify & Authorize] -> Policy For API OpenID-PoC[1.0]","id":"de81175e-7f59-49ff-b276-10aa8988fe69","status":"Success","explanation":"OK","warning":false}},{"assetType":"Policy","assetObject":{"name":"Policy For API OpenID-PoC[1.0]","id":"1e095c94-41df-4888-b7db-13e5fd9d3f50","status":"Success","explanation":"OK","warning":false}},{"assetType":"RegisteredApplication","assetObject":{"name":"RegisteredApplication [ openid-application ]","id":"567359ca-60fe-4a1e-ae22-7356d4c59eca","status":"Success","explanation":"OK","warning":false}},{"assetType":"PassmanData","assetObject":{"name":"5b595ba2-822e-4f5d-bc9f-a3e6b8be1099-clientSecret","id":"5b595ba2-822e-4f5d-bc9f-a3e6b8be1099-clientSecret","status":"Success","explanation":"OK","warning":false}},{"assetType":"PassmanData","assetObject":{"name":"API_ACCESS_KEY567359ca-60fe-4a1e-ae22-7356d4c59eca","id":"API_ACCESS_KEY567359ca-60fe-4a1e-ae22-7356d4c59eca","status":"Success","explanation":"OK","warning":false}},{"assetType":"PolicyAction","assetObject":{"name":"Policy Action [Straight Through Routing] -> Policy For API OpenID-PoC[1.0]","id":"8e44ed54-df43-4835-b568-d13caa0b7646","status":"Success","explanation":"OK","warning":false}},{"assetType":"Strategy","assetObject":{"name":"openid-api","id":"9b986d23-3fec-4ee7-9a74-df9a7319f7bd","status":"Success","explanation":"OK","warning":false}}]