[{"assetType":"PolicyAction","assetObject":{"name":"Policy Action [Enable HTTP / HTTPS] -> Policy For API getKeycloakToken[1.0]","id":"4bb084df-a453-428c-a5c2-26fae47089dd","status":"Success","explanation":"OK","warning":false}},{"assetType":"PolicyAction","assetObject":{"name":"Policy Action [Response Transformation] -> Policy For API getKeycloakToken[1.0]","id":"86acdbfc-cb71-4733-b775-04919ad5835a","status":"Success","explanation":"OK","warning":false}},{"assetType":"Policy","assetObject":{"name":"Policy For API getKeycloakToken[1.0]","id":"9e176d19-d83b-4b04-9705-a399a296c91e","status":"Success","explanation":"OK","warning":false}},{"assetType":"API","assetObject":{"name":"getKeycloakToken[1.0]","id":"06168fda-44f0-4d01-9b91-406f23ad4c85","status":"Success","explanation":"OK","warning":false}},{"assetType":"PolicyAction","assetObject":{"name":"Policy Action [Load Balancer Routing] -> Policy For API getKeycloakToken[1.0]","id":"909bb1bd-4ca5-4cea-838f-0d3f4e27ba26","status":"Success","explanation":"OK","warning":false}}]