[{"assetType":"PolicyAction","assetObject":{"name":"Policy Action [Straight Through Routing] -> Policy For API WebSocket_PoC[1.0]","id":"1bb07054-60bd-4465-9f9a-2e7d4cf09320","status":"Success","explanation":"OK","warning":false}},{"assetType":"API","assetObject":{"name":"WebSocket_PoC[1.0]","id":"49266e9f-15d2-4c9f-bd8e-a4a728da9317","status":"Success","explanation":"OK","warning":false}},{"assetType":"Policy","assetObject":{"name":"Policy For API WebSocket_PoC[1.0]","id":"c470741e-4b68-4be0-83d4-6b9b4c4b2b7d","status":"Success","explanation":"OK","warning":false}}]