[{"assetType":"Policy","assetObject":{"name":"Policy For API JWT-PoC[1.0]","id":"871d88c9-4d14-4560-8f49-52836028cb77","status":"Success","explanation":"OK","warning":false}},{"assetType":"PassmanData","assetObject":{"name":"API_ACCESS_KEY35f78334-eb21-4336-b02a-a7d5959e708b","id":"API_ACCESS_KEY35f78334-eb21-4336-b02a-a7d5959e708b","status":"Success","explanation":"OK","warning":false}},{"assetType":"PolicyAction","assetObject":{"name":"Policy Action [Identify & Authorize] -> Policy For API JWT-PoC[1.0]","id":"36a63152-0625-4f9f-94de-f7dc78289234","status":"Success","explanation":"OK","warning":false}},{"assetType":"API","assetObject":{"name":"JWT-PoC[1.0]","id":"fa5d9676-84ae-49bf-bd4a-6c444c6063ee","status":"Success","explanation":"OK","warning":false}},{"assetType":"PolicyAction","assetObject":{"name":"Policy Action [Straight Through Routing] -> Policy For API JWT-PoC[1.0]","id":"1e6e5c06-1d4b-4d79-9a21-ef9ad58418b1","status":"Success","explanation":"OK","warning":false}},{"assetType":"Application","assetObject":{"name":"JWT-application","id":"35f78334-eb21-4336-b02a-a7d5959e708b","status":"Success","explanation":"OK","warning":false}},{"assetType":"PolicyAction","assetObject":{"name":"Policy Action [Enable HTTP / HTTPS] -> Policy For API JWT-PoC[1.0]","id":"81fcefca-002b-4166-85d0-fc32f2c3d1c8","status":"Success","explanation":"OK","warning":false}},{"assetType":"RegisteredApplication","assetObject":{"name":"RegisteredApplication [ JWT-application ]","id":"35f78334-eb21-4336-b02a-a7d5959e708b","status":"Success","explanation":"OK","warning":false}}]