[{"assetType":"PolicyAction","assetObject":{"name":"Policy Action [Conditional Routing] -> Policy For API ConditionalRouting-PoC[1.0]","id":"ff38edaf-1fee-4155-9aea-917022b2d780","status":"Success","explanation":"OK","warning":false}},{"assetType":"Application","assetObject":{"name":"ConditionalRouting-Application","id":"e1377f94-6456-4e2b-89e8-85177acea242","status":"Success","explanation":"OK","warning":false}},{"assetType":"Alias","assetObject":{"name":"keyalias","id":"4dd1ef34-8bdf-48bd-83e8-1bce2a617d58","status":"Success","explanation":"OK","warning":false}},{"assetType":"PolicyAction","assetObject":{"name":"Policy Action [Enable HTTP / HTTPS] -> Policy For API ConditionalRouting-PoC[1.0]","id":"3f7446ec-badd-4ad5-9bc0-73c3773eaf2c","status":"Success","explanation":"OK","warning":false}},{"assetType":"API","assetObject":{"name":"ConditionalRouting-PoC[1.0]","id":"786083e2-be26-4955-9b65-539dd1f15178","status":"Success","explanation":"OK","warning":false}},{"assetType":"PassmanData","assetObject":{"name":"API_ACCESS_KEYe1377f94-6456-4e2b-89e8-85177acea242","id":"API_ACCESS_KEYe1377f94-6456-4e2b-89e8-85177acea242","status":"Success","explanation":"OK","warning":false}},{"assetType":"Alias","assetObject":{"name":"applicationID_Alias","id":"419766e8-7631-4993-9a30-81e6b0742879","status":"Success","explanation":"OK","warning":false}},{"assetType":"PolicyAction","assetObject":{"name":"Policy Action [Request Transformation] -> Policy For API ConditionalRouting-PoC[1.0]","id":"705e723e-c42f-4abd-b6dc-879d24badf17","status":"Success","explanation":"OK","warning":false}},{"assetType":"PolicyAction","assetObject":{"name":"Policy Action [Log Invocation] -> Policy For API ConditionalRouting-PoC[1.0]","id":"9db550d2-2274-4bdb-97be-892d9329ae1b","status":"Success","explanation":"OK","warning":false}},{"assetType":"RegisteredApplication","assetObject":{"name":"RegisteredApplication [ ConditionalRouting-Application ]","id":"e1377f94-6456-4e2b-89e8-85177acea242","status":"Success","explanation":"OK","warning":false}},{"assetType":"Policy","assetObject":{"name":"Policy For API ConditionalRouting-PoC[1.0]","id":"51000912-c432-4533-90f8-5f619d25af5e","status":"Success","explanation":"OK","warning":false}},{"assetType":"PolicyAction","assetObject":{"name":"Policy Action [Identify & Authorize] -> Policy For API ConditionalRouting-PoC[1.0]","id":"42486282-c7c0-4973-b00d-949bb5ed0709","status":"Success","explanation":"OK","warning":false}}]