[{"assetType":"PolicyAction","assetObject":{"name":"Policy Action [Mashup Routing] -> Policy For API API_Mashup_PoC[1.0] Scope [sys_/mashup_get]","id":"5e8540fa-0c88-4817-a94a-2fd320c29ba6","status":"Success","explanation":"OK","warning":false}},{"assetType":"PolicyAction","assetObject":{"name":"Policy Action [Enable HTTP / HTTPS] -> Policy For API FahrzeugDB_API[1.0]","id":"3627d92b-db19-42a9-b101-f8cd4c97e592","status":"Success","explanation":"OK","warning":false}},{"assetType":"PolicyAction","assetObject":{"name":"Policy Action [Mashup Routing] -> Policy For API API_Mashup_PoC[1.0] Scope [sys_/mashup_get]","id":"9e632a11-008a-4639-a2de-b91464ff333c","status":"Success","explanation":"OK","warning":false}},{"assetType":"PolicyAction","assetObject":{"name":"Policy Action [Straight Through Routing] -> Policy For API FahrzeugDB_API[1.0]","id":"8a86bfea-cb87-48b8-a951-cae92726c46c","status":"Success","explanation":"OK","warning":false}},{"assetType":"PolicyAction","assetObject":{"name":"Policy Action [Enable HTTP / HTTPS] -> Policy For API API_Mashup_PoC[1.0]","id":"9c4cc9b7-157f-4372-88e2-0b255b904ff4","status":"Success","explanation":"OK","warning":false}},{"assetType":"API","assetObject":{"name":"FahrzeugDB_API[1.0]","id":"69ad5070-315d-4e9f-ba18-d5a79a84a9bf","status":"Success","explanation":"OK","warning":false}},{"assetType":"Policy","assetObject":{"name":"Policy For API API_Mashup_PoC[1.0] Scope [sys_/mashup_get]","id":"9f4b32f6-f040-46cb-a50e-24d530f3bc39","status":"Success","explanation":"OK","warning":false}},{"assetType":"PolicyAction","assetObject":{"name":"Policy Action [Enable HTTP / HTTPS] -> Policy For API FGSYS_API[1.0]","id":"b8f10325-3cea-4c52-abb5-f97eb008b640","status":"Success","explanation":"OK","warning":false}},{"assetType":"Policy","assetObject":{"name":"Policy For API FGSYS_API[1.0]","id":"3a386413-9054-45cc-9711-c5fb0a479f0b","status":"Success","explanation":"OK","warning":false}},{"assetType":"Policy","assetObject":{"name":"Policy For API FahrzeugDB_API[1.0]","id":"7f174d0a-38f9-4675-8524-0647bd52bd03","status":"Success","explanation":"OK","warning":false}},{"assetType":"API","assetObject":{"name":"API_Mashup_PoC[1.0]","id":"a1dc0287-971d-40dc-a2d9-998f03fa3dfe","status":"Success","explanation":"OK","warning":false}},{"assetType":"RegisteredApplication","assetObject":{"name":"RegisteredApplication [ EmptyRegisteredApplication ]","id":"EmptyRegisteredApplication","status":"Success","explanation":"OK","warning":false}},{"assetType":"PolicyAction","assetObject":{"name":"Policy Action [Straight Through Routing] -> Policy For API API_Mashup_PoC[1.0]","id":"d5e25b6d-c99b-4e1e-8664-2747b276df61","status":"Success","explanation":"OK","warning":false}},{"assetType":"Policy","assetObject":{"name":"Policy For API API_Mashup_PoC[1.0]","id":"ec59d8b3-6fc1-437e-adab-7947c0ca37c4","status":"Success","explanation":"OK","warning":false}},{"assetType":"PolicyAction","assetObject":{"name":"Policy Action [Straight Through Routing] -> Policy For API FGSYS_API[1.0]","id":"33867c7b-fff9-4823-b6cb-107405ec138a","status":"Success","explanation":"OK","warning":false}},{"assetType":"API","assetObject":{"name":"FGSYS_API[1.0]","id":"37e807dc-9de6-47d6-941c-e0bdfc2a659c","status":"Success","explanation":"OK","warning":false}},{"assetType":"PolicyAction","assetObject":{"name":"Policy Action [Mashup Aggregator] -> Policy For API API_Mashup_PoC[1.0] Scope [sys_/mashup_get]","id":"0f723f75-e2de-435d-adbf-58790915e2fe","status":"Success","explanation":"OK","warning":false}}]