[{"assetType":"Application","assetObject":{"name":"openid-application","id":"035e1219-ce4a-4cbf-8cfd-9da241489abc","status":"Success","explanation":"OK","warning":false}},{"assetType":"Policy","assetObject":{"name":"Policy For API OpenID-PoC[1.0]","id":"1e095c94-41df-4888-b7db-13e5fd9d3f50","status":"Success","explanation":"OK","warning":false}},{"assetType":"Strategy","assetObject":{"name":"openid-api","id":"21d014d7-f3ab-4054-84cb-412cb5a1fd9e","status":"Success","explanation":"OK","warning":false}},{"assetType":"API","assetObject":{"name":"OpenID-PoC[1.0]","id":"b37a1a1f-96ff-4fef-a110-f17898e20634","status":"Success","explanation":"OK","warning":false}},{"assetType":"PassmanData","assetObject":{"name":"API_ACCESS_KEY035e1219-ce4a-4cbf-8cfd-9da241489abc","id":"API_ACCESS_KEY035e1219-ce4a-4cbf-8cfd-9da241489abc","status":"Success","explanation":"OK","warning":false}},{"assetType":"PolicyAction","assetObject":{"name":"Policy Action [Identify & Authorize] -> Policy For API OpenID-PoC[1.0]","id":"de81175e-7f59-49ff-b276-10aa8988fe69","status":"Success","explanation":"OK","warning":false}},{"assetType":"RegisteredApplication","assetObject":{"name":"RegisteredApplication [ openid-application ]","id":"035e1219-ce4a-4cbf-8cfd-9da241489abc","status":"Success","explanation":"OK","warning":false}},{"assetType":"PolicyAction","assetObject":{"name":"Policy Action [Enable HTTP / HTTPS] -> Policy For API OpenID-PoC[1.0]","id":"c5b971a0-f31d-467a-a687-a027c8665a6e","status":"Success","explanation":"OK","warning":false}},{"assetType":"PolicyAction","assetObject":{"name":"Policy Action [Straight Through Routing] -> Policy For API OpenID-PoC[1.0]","id":"8e44ed54-df43-4835-b568-d13caa0b7646","status":"Success","explanation":"OK","warning":false}},{"assetType":"PassmanData","assetObject":{"name":"8bad0872-79ed-4635-8ad9-e9f6a21d8696-clientSecret","id":"8bad0872-79ed-4635-8ad9-e9f6a21d8696-clientSecret","status":"Success","explanation":"OK","warning":false}},{"assetType":"GatewayScope","assetObject":{"name":"KeycloakAS:clientscope","id":"1feacb19-3b85-40b4-939f-721e3bf55070","status":"Success","explanation":"OK","warning":false}}]