[{"assetType":"API","assetObject":{"name":"RequestTransformation_PoC[1.0]","id":"5cc78ba0-c696-4b13-91b5-cffa1600aad0","status":"Success","explanation":"OK","warning":false}},{"assetType":"PassmanData","assetObject":{"name":"API_ACCESS_KEY37751d79-c6c5-4772-9832-f384d2fd12ff","id":"API_ACCESS_KEY37751d79-c6c5-4772-9832-f384d2fd12ff","status":"Success","explanation":"OK","warning":false}},{"assetType":"PolicyAction","assetObject":{"name":"Policy Action [Data Masking] -> Policy For API RequestTransformation_PoC[1.0]","id":"01c92d79-4609-4a6d-a521-56f54b1f59cc","status":"Success","explanation":"OK","warning":false}},{"assetType":"PolicyAction","assetObject":{"name":"Policy Action [Request Transformation] -> Policy For API RequestTransformation_PoC[1.0]","id":"bb3f8698-d0e7-4c0a-8b0e-485ac3644ab2","status":"Success","explanation":"OK","warning":false}},{"assetType":"PolicyAction","assetObject":{"name":"Policy Action [Straight Through Routing] -> Policy For API RequestTransformation_PoC[1.0]","id":"85fe007f-4dd9-4e1a-b995-f4105c495df1","status":"Success","explanation":"OK","warning":false}},{"assetType":"RegisteredApplication","assetObject":{"name":"RegisteredApplication [ RequestTransformation_PoC-application ]","id":"37751d79-c6c5-4772-9832-f384d2fd12ff","status":"Success","explanation":"OK","warning":false}},{"assetType":"Policy","assetObject":{"name":"Policy For API RequestTransformation_PoC[1.0]","id":"23bcdcb8-0f99-4388-916e-1d087eb3741d","status":"Success","explanation":"OK","warning":false}},{"assetType":"PolicyAction","assetObject":{"name":"Policy Action [Identify & Authorize] -> Policy For API RequestTransformation_PoC[1.0]","id":"25038a22-338b-44c0-95f1-ef77e3f6c61a","status":"Success","explanation":"OK","warning":false}},{"assetType":"Application","assetObject":{"name":"RequestTransformation_PoC-application","id":"37751d79-c6c5-4772-9832-f384d2fd12ff","status":"Success","explanation":"OK","warning":false}},{"assetType":"PolicyAction","assetObject":{"name":"Policy Action [Enable HTTP / HTTPS] -> Policy For API RequestTransformation_PoC[1.0]","id":"96fac2bd-c2eb-4925-b51d-c5614d43f9e0","status":"Success","explanation":"OK","warning":false}}]