[{"assetType":"Policy","assetObject":{"name":"Policy For API RequestTransformation-PoC[1.0]","id":"c7e59647-79fe-4b75-875c-8c4b53fb34f5","status":"Success","explanation":"OK","warning":false}},{"assetType":"RegisteredApplication","assetObject":{"name":"RegisteredApplication [ RequestTransformation-Application ]","id":"23c6b0f2-f800-48e7-91d7-23489ae9b713","status":"Success","explanation":"OK","warning":false}},{"assetType":"PolicyAction","assetObject":{"name":"Policy Action [Enable HTTP / HTTPS] -> Policy For API RequestTransformation-PoC[1.0]","id":"d0d6f249-6356-4866-9a4f-8472cbb5d8c2","status":"Success","explanation":"OK","warning":false}},{"assetType":"PolicyAction","assetObject":{"name":"Policy Action [Straight Through Routing] -> Policy For API RequestTransformation-PoC[1.0]","id":"ff08a9e0-ab2f-4170-a223-6faa33c4ac7b","status":"Success","explanation":"OK","warning":false}},{"assetType":"PolicyAction","assetObject":{"name":"Policy Action [Data Masking] -> Policy For API RequestTransformation-PoC[1.0]","id":"08a31238-9648-410f-ac96-41e1ff9d96d8","status":"Success","explanation":"OK","warning":false}},{"assetType":"API","assetObject":{"name":"RequestTransformation-PoC[1.0]","id":"b7eee2c9-8d15-4ac1-9203-ee3853cd4e7c","status":"Success","explanation":"OK","warning":false}},{"assetType":"PassmanData","assetObject":{"name":"API_ACCESS_KEY23c6b0f2-f800-48e7-91d7-23489ae9b713","id":"API_ACCESS_KEY23c6b0f2-f800-48e7-91d7-23489ae9b713","status":"Success","explanation":"OK","warning":false}},{"assetType":"Application","assetObject":{"name":"RequestTransformation-Application","id":"23c6b0f2-f800-48e7-91d7-23489ae9b713","status":"Success","explanation":"OK","warning":false}},{"assetType":"PolicyAction","assetObject":{"name":"Policy Action [Identify & Authorize] -> Policy For API RequestTransformation-PoC[1.0]","id":"d23d66d1-7020-4e73-95b8-50d0985a9e9d","status":"Success","explanation":"OK","warning":false}},{"assetType":"PolicyAction","assetObject":{"name":"Policy Action [Data Masking] -> Policy For API RequestTransformation-PoC[1.0]","id":"81438324-fd25-4d41-a740-42d40419aca9","status":"Success","explanation":"OK","warning":false}}]