[{"assetType":"PolicyAction","assetObject":{"name":"Policy Action [Identify & Authorize] -> Policy For API ClientCertificate_PoC[1.0]","id":"7e2b292b-14f2-40fb-92ba-656ea0f62744","status":"Success","explanation":"OK","warning":false}},{"assetType":"RegisteredApplication","assetObject":{"name":"RegisteredApplication [ ClientCertificatePoCApp ]","id":"8134dcb5-e371-4aad-a2d0-88b4776897f0","status":"Success","explanation":"OK","warning":false}},{"assetType":"PassmanData","assetObject":{"name":"API_ACCESS_KEY8134dcb5-e371-4aad-a2d0-88b4776897f0","id":"API_ACCESS_KEY8134dcb5-e371-4aad-a2d0-88b4776897f0","status":"Success","explanation":"OK","warning":false}},{"assetType":"Policy","assetObject":{"name":"Policy For API ClientCertificate_PoC[1.0]","id":"e1ded46d-1c91-46a4-b8de-cf1b2c88ee57","status":"Success","explanation":"OK","warning":false}},{"assetType":"Application","assetObject":{"name":"ClientCertificatePoCApp","id":"8134dcb5-e371-4aad-a2d0-88b4776897f0","status":"Success","explanation":"OK","warning":false}},{"assetType":"API","assetObject":{"name":"ClientCertificate_PoC[1.0]","id":"31e8a3ab-81b7-430b-8364-15631f4e423b","status":"Success","explanation":"OK","warning":false}},{"assetType":"PolicyAction","assetObject":{"name":"Policy Action [Enable HTTP / HTTPS] -> Policy For API ClientCertificate_PoC[1.0]","id":"f2ea96c4-379c-4c6e-8083-eb454518374b","status":"Success","explanation":"OK","warning":false}},{"assetType":"PolicyAction","assetObject":{"name":"Policy Action [Straight Through Routing] -> Policy For API ClientCertificate_PoC[1.0]","id":"70a62f32-2b5e-4be5-a64a-8d0a6bebabff","status":"Success","explanation":"OK","warning":false}}]