[{"assetType":"API","assetObject":{"name":"Petstore[1.0]","id":"3358583b-3248-455d-8ba7-fdac9fcc9218","status":"Success","explanation":"OK","warning":false}},{"assetType":"PolicyAction","assetObject":{"name":"Policy Action [Enable HTTP / HTTPS] -> Policy For API Petstore[1.0]","id":"837dee91-4f5e-4323-a954-579b2e87d3e3","status":"Success","explanation":"OK","warning":false}},{"assetType":"PassmanData","assetObject":{"name":"API_ACCESS_KEY6e03601f-a7c5-41a4-91fd-a5f2f3c27b80","id":"API_ACCESS_KEY6e03601f-a7c5-41a4-91fd-a5f2f3c27b80","status":"Success","explanation":"OK","warning":false}},{"assetType":"RegisteredApplication","assetObject":{"name":"RegisteredApplication [ PetstoreOAuth2App ]","id":"6e03601f-a7c5-41a4-91fd-a5f2f3c27b80","status":"Success","explanation":"OK","warning":false}},{"assetType":"Application","assetObject":{"name":"PetstoreOAuth2App","id":"6e03601f-a7c5-41a4-91fd-a5f2f3c27b80","status":"Success","explanation":"OK","warning":false}},{"assetType":"Strategy","assetObject":{"name":"keycloakOauthStrategy","id":"f72b3bb9-86f9-4512-80b7-bfc2bc8d3443","status":"Success","explanation":"OK","warning":false}},{"assetType":"PolicyAction","assetObject":{"name":"Policy Action [Identify & Authorize] -> Policy For API Petstore[1.0]","id":"a6d050fd-47f2-4550-af61-fab5183bd9d2","status":"Success","explanation":"OK","warning":false}},{"assetType":"GatewayScope","assetObject":{"name":"KeycloakAS:my_scope","id":"2df88686-0661-40ca-acf3-4813c4eaf989","status":"Success","explanation":"OK","warning":false}},{"assetType":"Policy","assetObject":{"name":"Policy For API Petstore[1.0]","id":"70f8e3ff-ddd4-4f29-aec4-aac7de68ed52","status":"Success","explanation":"OK","warning":false}},{"assetType":"PolicyAction","assetObject":{"name":"Policy Action [Straight Through Routing] -> Policy For API Petstore[1.0]","id":"a98c57c8-d8a0-4115-82fe-c1cc04a821b6","status":"Success","explanation":"OK","warning":false}}]