[{"assetType":"Policy","assetObject":{"name":"Policy For API OAuth2-PoC[1.0]","id":"cf092f3d-4ed2-4b02-9741-b69d82fd10c3","status":"Success","explanation":"OK","warning":false}},{"assetType":"PolicyAction","assetObject":{"name":"Policy Action [Straight Through Routing] -> Policy For API OAuth2-PoC[1.0]","id":"7fab80a3-5d96-45e3-af8d-dc46c5d2c8b1","status":"Success","explanation":"OK","warning":false}},{"assetType":"PolicyAction","assetObject":{"name":"Policy Action [Identify & Authorize] -> Policy For API OAuth2-PoC[1.0]","id":"76338771-f0ef-4cd0-8f33-442b2d01cd80","status":"Success","explanation":"OK","warning":false}},{"assetType":"GatewayScope","assetObject":{"name":"KeycloakAS:oauth2scope","id":"d8f6a691-1dc1-4997-970a-eee60f1fa963","status":"Success","explanation":"OK","warning":false}},{"assetType":"API","assetObject":{"name":"OAuth2-PoC[1.0]","id":"459c6076-5f88-4eea-9cf4-e27105911019","status":"Success","explanation":"OK","warning":false}},{"assetType":"PolicyAction","assetObject":{"name":"Policy Action [Enable HTTP / HTTPS] -> Policy For API OAuth2-PoC[1.0]","id":"fa5d9338-5fcd-4311-8571-995ed4720a8b","status":"Success","explanation":"OK","warning":false}}]