[{"assetType":"RegisteredApplication","assetObject":{"name":"RegisteredApplication [ OAuth2_PoC-application ]","id":"bbf0d467-3cab-4ae0-93c6-1cef7c94c699","status":"Success","explanation":"OK","warning":false}},{"assetType":"PolicyAction","assetObject":{"name":"Policy Action [Straight Through Routing] -> Policy For API OAuth2_PoC[1.0]","id":"bfc799d6-d2f7-44fc-a051-70f1a1e35d83","status":"Success","explanation":"OK","warning":false}},{"assetType":"PolicyAction","assetObject":{"name":"Policy Action [Enable HTTP / HTTPS] -> Policy For API OAuth2_PoC[1.0]","id":"11fbe9ff-b6ed-4eee-ab8f-c0e1f9531002","status":"Success","explanation":"OK","warning":false}},{"assetType":"Strategy","assetObject":{"name":"Keycloak strategy","id":"6b50fbea-941e-4bfb-b31e-edfa398bf74c","status":"Success","explanation":"OK","warning":false}},{"assetType":"PassmanData","assetObject":{"name":"API_ACCESS_KEYbbf0d467-3cab-4ae0-93c6-1cef7c94c699","id":"API_ACCESS_KEYbbf0d467-3cab-4ae0-93c6-1cef7c94c699","status":"Success","explanation":"OK","warning":false}},{"assetType":"API","assetObject":{"name":"OAuth2_PoC[1.0]","id":"061c63b2-e9b9-4ef7-95e3-48629931b08b","status":"Success","explanation":"OK","warning":false}},{"assetType":"GatewayScope","assetObject":{"name":"KeycloakAS:oauth2scope","id":"d8f6a691-1dc1-4997-970a-eee60f1fa963","status":"Success","explanation":"OK","warning":false}},{"assetType":"Policy","assetObject":{"name":"Policy For API OAuth2_PoC[1.0]","id":"65d93300-3edd-46f4-99ad-84cb399848c0","status":"Success","explanation":"OK","warning":false}},{"assetType":"PolicyAction","assetObject":{"name":"Policy Action [Identify & Authorize] -> Policy For API OAuth2_PoC[1.0]","id":"f6d61ca4-ac29-4bb0-8617-c818ed03c690","status":"Success","explanation":"OK","warning":false}},{"assetType":"Application","assetObject":{"name":"OAuth2_PoC-application","id":"bbf0d467-3cab-4ae0-93c6-1cef7c94c699","status":"Success","explanation":"OK","warning":false}}]