[{"assetType":"Team","assetObject":{"name":"Administrators","id":"Administrators","status":"Success","explanation":"OK","warning":false}},{"assetType":"PolicyAction","assetObject":{"name":"Policy Action [Context-based Routing] -> Policy For API REM_API_Dummy[1.0]","id":"ff38edaf-1fee-4155-9aea-917022b2d780","status":"Success","explanation":"OK","warning":false}},{"assetType":"Team","assetObject":{"name":"API-Gateway-Providers","id":"API-Gateway-Providers","status":"Success","explanation":"OK","warning":false}},{"assetType":"API","assetObject":{"name":"REM_API_Dummy[1.0]","id":"786083e2-be26-4955-9b65-539dd1f15178","status":"Success","explanation":"OK","warning":false}},{"assetType":"AccessControlList","assetObject":{"name":"AccessControlList for asset : REM_API_Dummy","id":"d28387a8-4ec6-48cb-8d74-014f88816971","status":"Success","explanation":"OK","warning":false}},{"assetType":"PolicyAction","assetObject":{"name":"Policy Action [Enable HTTP / HTTPS] -> Policy For API REM_API_Dummy[1.0]","id":"3f7446ec-badd-4ad5-9bc0-73c3773eaf2c","status":"Success","explanation":"OK","warning":false}},{"assetType":"Policy","assetObject":{"name":"Policy For API REM_API_Dummy[1.0]","id":"51000912-c432-4533-90f8-5f619d25af5e","status":"Success","explanation":"OK","warning":false}},{"assetType":"PolicyAction","assetObject":{"name":"Policy Action [Log Invocation] -> Policy For API REM_API_Dummy[1.0]","id":"9db550d2-2274-4bdb-97be-892d9329ae1b","status":"Success","explanation":"OK","warning":false}},{"assetType":"Team","assetObject":{"name":"Default","id":"Default","status":"Success","explanation":"OK","warning":false}}]