[
	{
		"assetType": "PolicyAction",
		"assetObject": {
			"name": "Policy Action [Response Transformation] -> Policy For API DynamicRouting_PoC[1.0]",
			"id": "10cbee18-ee92-4fcf-bd5a-28b80f0a321f",
			"status": "Success",
			"explanation": "OK",
			"warning": false
		}
	},
	{
		"assetType": "PolicyAction",
		"assetObject": {
			"name": "Policy Action [Log Invocation] -> Policy For API DynamicRouting_PoC[1.0]",
			"id": "3efd9f31-0264-4abc-acbb-5acefd395cd7",
			"status": "Success",
			"explanation": "OK",
			"warning": false
		}
	},
	{
		"assetType": "PolicyAction",
		"assetObject": {
			"name": "Policy Action [Request Transformation] -> Policy For API DynamicRouting_PoC[1.0]",
			"id": "14697de7-23a5-4874-a9d8-22aa29222fdf",
			"status": "Success",
			"explanation": "OK",
			"warning": false
		}
	},
	{
		"assetType": "Policy",
		"assetObject": {
			"name": "Policy For API DynamicRouting_PoC[1.0]",
			"id": "12072780-e883-450f-a298-4ebf3fe24cab",
			"status": "Success",
			"explanation": "OK",
			"warning": false
		}
	},
	{
		"assetType": "API",
		"assetObject": {
			"name": "DynamicRouting_PoC[1.0]",
			"id": "62ccda41-d5b7-4fb0-b355-98bfdfade344",
			"status": "Success",
			"explanation": "OK",
			"warning": false
		}
	},
	{
		"assetType": "PolicyAction",
		"assetObject": {
			"name": "Policy Action [Enable HTTP / HTTPS] -> Policy For API DynamicRouting_PoC[1.0]",
			"id": "cda8641d-b585-470f-b9e6-c904c6e03324",
			"status": "Success",
			"explanation": "OK",
			"warning": false
		}
	},
	{
		"assetType": "PolicyAction",
		"assetObject": {
			"name": "Policy Action [Dynamic Routing] -> Policy For API DynamicRouting_PoC[1.0]",
			"id": "f0d401f3-b308-4413-9b96-bfcbadc6989c",
			"status": "Success",
			"explanation": "OK",
			"warning": false
		}
	}
]