[{"assetType":"PolicyAction","assetObject":{"name":"Policy Action [Straight Through Routing] -> Policy For API OAuth2-PoC[1.2]","id":"f3cfdb2f-22d6-430b-946a-734fe436e6b9","status":"Success","explanation":"OK","warning":false}},{"assetType":"PolicyAction","assetObject":{"name":"Policy Action [Enable HTTP / HTTPS] -> Policy For API OAuth2-PoC[1.2]","id":"64db7f61-270f-43cd-9bb4-9ac5a6a93b79","status":"Success","explanation":"OK","warning":false}},{"assetType":"Policy","assetObject":{"name":"Policy For API OAuth2-PoC[1.2] Scope [READ]","id":"d9c676c1-d6ad-426e-9b7f-f4e9d1b1be17","status":"Success","explanation":"OK","warning":false}},{"assetType":"API","assetObject":{"name":"OAuth2-PoC[1.2]","id":"463516cb-4632-4d4c-85b7-d364d6ee77a0","status":"Success","explanation":"OK","warning":false}},{"assetType":"GatewayScope","assetObject":{"name":"KeycloakAS:oauth2-read_scope","id":"04f5928f-1d02-4300-a9ed-10ed277243ce","status":"Success","explanation":"OK","warning":false}},{"assetType":"Policy","assetObject":{"name":"Policy For API OAuth2-PoC[1.2] Scope [WRITE]","id":"d961e204-1252-46aa-b5d6-9c015c06adde","status":"Success","explanation":"OK","warning":false}},{"assetType":"Policy","assetObject":{"name":"Policy For API OAuth2-PoC[1.2]","id":"6725f264-14be-497f-b53d-d3b426a49236","status":"Success","explanation":"OK","warning":false}}]