[{"assetType":"API","assetObject":{"name":"OAuth2-PoC[1.2]","id":"463516cb-4632-4d4c-85b7-d364d6ee77a0","status":"Success","explanation":"OK","warning":false}},{"assetType":"RegisteredApplication","assetObject":{"name":"RegisteredApplication [ oauth2-application ]","id":"f302f850-b233-4f76-aa0c-45557a24199a","status":"Success","explanation":"OK","warning":false}},{"assetType":"PassmanData","assetObject":{"name":"1fd22551-cde5-4f90-b629-4e0d31130519-clientSecret","id":"1fd22551-cde5-4f90-b629-4e0d31130519-clientSecret","status":"Success","explanation":"OK","warning":false}},{"assetType":"Strategy","assetObject":{"name":"oauth-read","id":"c09a0a7e-4bd2-445b-8d66-d29b79973405","status":"Success","explanation":"OK","warning":false}},{"assetType":"Strategy","assetObject":{"name":"oauth2-write","id":"a3dbef55-ac69-404d-ad67-644c0b9eb3f0","status":"Success","explanation":"OK","warning":false}},{"assetType":"Policy","assetObject":{"name":"Policy For API OAuth2-PoC[1.2] Scope [WRITE]","id":"d961e204-1252-46aa-b5d6-9c015c06adde","status":"Success","explanation":"OK","warning":false}},{"assetType":"Policy","assetObject":{"name":"Policy For API OAuth2-PoC[1.2] Scope [READ]","id":"d9c676c1-d6ad-426e-9b7f-f4e9d1b1be17","status":"Success","explanation":"OK","warning":false}},{"assetType":"GatewayScope","assetObject":{"name":"KeycloakAS:oauth2-read_scope","id":"04f5928f-1d02-4300-a9ed-10ed277243ce","status":"Success","explanation":"OK","warning":false}},{"assetType":"PolicyAction","assetObject":{"name":"Policy Action [Enable HTTP / HTTPS] -> Policy For API OAuth2-PoC[1.2]","id":"64db7f61-270f-43cd-9bb4-9ac5a6a93b79","status":"Success","explanation":"OK","warning":false}},{"assetType":"Application","assetObject":{"name":"oauth2-application","id":"f302f850-b233-4f76-aa0c-45557a24199a","status":"Success","explanation":"OK","warning":false}},{"assetType":"PassmanData","assetObject":{"name":"cb36f1d3-5a47-4e88-8e60-444bbc50b27d-clientSecret","id":"cb36f1d3-5a47-4e88-8e60-444bbc50b27d-clientSecret","status":"Success","explanation":"OK","warning":false}},{"assetType":"PassmanData","assetObject":{"name":"API_ACCESS_KEYf302f850-b233-4f76-aa0c-45557a24199a","id":"API_ACCESS_KEYf302f850-b233-4f76-aa0c-45557a24199a","status":"Success","explanation":"OK","warning":false}},{"assetType":"Policy","assetObject":{"name":"Policy For API OAuth2-PoC[1.2]","id":"6725f264-14be-497f-b53d-d3b426a49236","status":"Success","explanation":"OK","warning":false}},{"assetType":"PolicyAction","assetObject":{"name":"Policy Action [Straight Through Routing] -> Policy For API OAuth2-PoC[1.2]","id":"f3cfdb2f-22d6-430b-946a-734fe436e6b9","status":"Success","explanation":"OK","warning":false}}]