[{"assetType":"Application","assetObject":{"name":"DataMasking-Application-2","id":"0d984005-6d00-4969-a8bc-f951871ace98","status":"Success","explanation":"OK","warning":false}},{"assetType":"RegisteredApplication","assetObject":{"name":"RegisteredApplication [ DataMasking-Application-3 ]","id":"4a2775da-0be7-4630-8902-1279647ced81","status":"Success","explanation":"OK","warning":false}},{"assetType":"PolicyAction","assetObject":{"name":"Policy Action [Identify & Authorize] -> Policy For API DataMasking-PoC[2.0]","id":"120b2b20-a9e9-4029-ad95-00f298591309","status":"Success","explanation":"OK","warning":false}},{"assetType":"PassmanData","assetObject":{"name":"API_ACCESS_KEY0d984005-6d00-4969-a8bc-f951871ace98","id":"API_ACCESS_KEY0d984005-6d00-4969-a8bc-f951871ace98","status":"Success","explanation":"OK","warning":false}},{"assetType":"PolicyAction","assetObject":{"name":"Policy Action [Data Masking] -> Policy For API DataMasking-PoC[2.0]","id":"388a2f0f-3cd7-4e0e-af7a-a5f525790a98","status":"Success","explanation":"OK","warning":false}},{"assetType":"RegisteredApplication","assetObject":{"name":"RegisteredApplication [ DataMasking-Application-1 ]","id":"ace9136d-9341-4ea9-8d10-ba06137a6db5","status":"Success","explanation":"OK","warning":false}},{"assetType":"PolicyAction","assetObject":{"name":"Policy Action [Data Masking] -> Policy For API DataMasking-PoC[2.0]","id":"93c9ae80-86f3-4354-b329-513e05262155","status":"Success","explanation":"OK","warning":false}},{"assetType":"Application","assetObject":{"name":"DataMasking-Application-1","id":"ace9136d-9341-4ea9-8d10-ba06137a6db5","status":"Success","explanation":"OK","warning":false}},{"assetType":"Policy","assetObject":{"name":"Policy For API DataMasking-PoC[2.0]","id":"9ea7eb7e-969e-4f3b-977b-1f63f99acb8b","status":"Success","explanation":"OK","warning":false}},{"assetType":"PolicyAction","assetObject":{"name":"Policy Action [Data Masking] -> Policy For API DataMasking-PoC[2.0]","id":"b1803bbb-0659-4a9c-ae1a-1b103856f97a","status":"Success","explanation":"OK","warning":false}},{"assetType":"PolicyAction","assetObject":{"name":"Policy Action [Conditional Routing] -> Policy For API DataMasking-PoC[2.0]","id":"7f79e645-e58e-43ba-a828-2bf29bf884d1","status":"Success","explanation":"OK","warning":false}},{"assetType":"PolicyAction","assetObject":{"name":"Policy Action [Enable HTTP / HTTPS] -> Policy For API DataMasking-PoC[2.0]","id":"7de00a1e-adb0-48d6-80e2-0cefe85ee837","status":"Success","explanation":"OK","warning":false}},{"assetType":"API","assetObject":{"name":"DataMasking-PoC[2.0]","id":"0947bdba-e2e7-4ce9-8fa8-b975a1959950","status":"Success","explanation":"OK","warning":false}},{"assetType":"RegisteredApplication","assetObject":{"name":"RegisteredApplication [ DataMasking-Application-2 ]","id":"0d984005-6d00-4969-a8bc-f951871ace98","status":"Success","explanation":"OK","warning":false}},{"assetType":"PassmanData","assetObject":{"name":"API_ACCESS_KEYace9136d-9341-4ea9-8d10-ba06137a6db5","id":"API_ACCESS_KEYace9136d-9341-4ea9-8d10-ba06137a6db5","status":"Success","explanation":"OK","warning":false}},{"assetType":"PassmanData","assetObject":{"name":"API_ACCESS_KEY4a2775da-0be7-4630-8902-1279647ced81","id":"API_ACCESS_KEY4a2775da-0be7-4630-8902-1279647ced81","status":"Success","explanation":"OK","warning":false}},{"assetType":"PolicyAction","assetObject":{"name":"Policy Action [Log Invocation] -> Policy For API DataMasking-PoC[2.0]","id":"f2fab254-dc43-49de-9c77-c0d435de144f","status":"Success","explanation":"OK","warning":false}},{"assetType":"Application","assetObject":{"name":"DataMasking-Application-3","id":"4a2775da-0be7-4630-8902-1279647ced81","status":"Success","explanation":"OK","warning":false}}]