[{"assetType":"PassmanData","assetObject":{"name":"oauth2_introspectionEndpoint_96fe9d48-5307-4aed-8254-d1a86dcb0cf0","id":"oauth2_introspectionEndpoint_96fe9d48-5307-4aed-8254-d1a86dcb0cf0","status":"Success","explanation":"OK","warning":false}},{"assetType":"User","assetObject":{"name":"Administrator","id":"Administrator","status":"Success","explanation":"OK","warning":false}},{"assetType":"PassmanData","assetObject":{"name":"authServerAlias_96fe9d48-5307-4aed-8254-d1a86dcb0cf0","id":"authServerAlias_96fe9d48-5307-4aed-8254-d1a86dcb0cf0","status":"Success","explanation":"OK","warning":false}},{"assetType":"Alias","assetObject":{"name":"KeycloakAS","id":"96fe9d48-5307-4aed-8254-d1a86dcb0cf0","status":"Success","explanation":"OK","warning":false}}]