[{"assetType":"Alias","assetObject":{"name":"applicationID_Alias","id":"419766e8-7631-4993-9a30-81e6b0742879","status":"Success","explanation":"OK","warning":false}},{"assetType":"Application","assetObject":{"name":"ConditionalRouting-Application-2","id":"2865718b-2ee5-46b6-a25d-5016feee25a8","status":"Success","explanation":"OK","warning":false}},{"assetType":"API","assetObject":{"name":"Petstore-ConditionalRouting-PoC[1.0]","id":"3358583b-3248-455d-8ba7-fdac9fcc9218","status":"Success","explanation":"OK","warning":false}},{"assetType":"PolicyAction","assetObject":{"name":"Policy Action [Conditional Routing] -> Policy For API Petstore-ConditionalRouting-PoC[1.0]","id":"3846b4df-47f6-4de6-9e1e-c7be3a66b027","status":"Success","explanation":"OK","warning":false}},{"assetType":"PolicyAction","assetObject":{"name":"Policy Action [Request Transformation] -> Policy For API Petstore-ConditionalRouting-PoC[1.0]","id":"17fc7b66-70cf-454f-b26d-6fcbf9e4e344","status":"Success","explanation":"OK","warning":false}},{"assetType":"PolicyAction","assetObject":{"name":"Policy Action [Log Invocation] -> Policy For API Petstore-ConditionalRouting-PoC[1.0]","id":"0d2d4d7d-ad50-4308-8bb0-7d568b92b52a","status":"Success","explanation":"OK","warning":false}},{"assetType":"Policy","assetObject":{"name":"Policy For API Petstore-ConditionalRouting-PoC[1.0]","id":"70f8e3ff-ddd4-4f29-aec4-aac7de68ed52","status":"Success","explanation":"OK","warning":false}},{"assetType":"RegisteredApplication","assetObject":{"name":"RegisteredApplication [ ConditionalRouting-Application ]","id":"e1377f94-6456-4e2b-89e8-85177acea242","status":"Success","explanation":"OK","warning":false}},{"assetType":"PolicyAction","assetObject":{"name":"Policy Action [Identify & Authorize] -> Policy For API Petstore-ConditionalRouting-PoC[1.0]","id":"0875d7f1-760d-4910-a557-854b90231e02","status":"Success","explanation":"OK","warning":false}},{"assetType":"PassmanData","assetObject":{"name":"API_ACCESS_KEYe1377f94-6456-4e2b-89e8-85177acea242","id":"API_ACCESS_KEYe1377f94-6456-4e2b-89e8-85177acea242","status":"Success","explanation":"OK","warning":false}},{"assetType":"Application","assetObject":{"name":"ConditionalRouting-Application","id":"e1377f94-6456-4e2b-89e8-85177acea242","status":"Success","explanation":"OK","warning":false}},{"assetType":"RegisteredApplication","assetObject":{"name":"RegisteredApplication [ ConditionalRouting-Application-2 ]","id":"2865718b-2ee5-46b6-a25d-5016feee25a8","status":"Success","explanation":"OK","warning":false}},{"assetType":"PolicyAction","assetObject":{"name":"Policy Action [Enable HTTP / HTTPS] -> Policy For API Petstore-ConditionalRouting-PoC[1.0]","id":"2459c2ae-dd64-4697-9d6b-36f7dff9c8a6","status":"Success","explanation":"OK","warning":false}},{"assetType":"Alias","assetObject":{"name":"keyalias","id":"4dd1ef34-8bdf-48bd-83e8-1bce2a617d58","status":"Success","explanation":"OK","warning":false}},{"assetType":"PassmanData","assetObject":{"name":"API_ACCESS_KEY2865718b-2ee5-46b6-a25d-5016feee25a8","id":"API_ACCESS_KEY2865718b-2ee5-46b6-a25d-5016feee25a8","status":"Success","explanation":"OK","warning":false}},{"assetType":"PolicyAction","assetObject":{"name":"Policy Action [Request Transformation] -> Policy For API Petstore-ConditionalRouting-PoC[1.0]","id":"a6e2a395-f68f-4805-b29f-ec9431823210","status":"Success","explanation":"OK","warning":false}}]