[{"assetType":"Team","assetObject":{"name":"API-Gateway-Providers","id":"API-Gateway-Providers","status":"Success","explanation":"OK","warning":false}},{"assetType":"Policy","assetObject":{"name":"Policy For API REM_API_Dummy[2.0]","id":"9ea7eb7e-969e-4f3b-977b-1f63f99acb8b","status":"Success","explanation":"OK","warning":false}},{"assetType":"Team","assetObject":{"name":"Administrators","id":"Administrators","status":"Success","explanation":"OK","warning":false}},{"assetType":"PolicyAction","assetObject":{"name":"Policy Action [Data Masking] -> Policy For API REM_API_Dummy[2.0]","id":"93c9ae80-86f3-4354-b329-513e05262155","status":"Success","explanation":"OK","warning":false}},{"assetType":"API","assetObject":{"name":"REM_API_Dummy[2.0]","id":"0947bdba-e2e7-4ce9-8fa8-b975a1959950","status":"Success","explanation":"OK","warning":false}},{"assetType":"AccessControlList","assetObject":{"name":"AccessControlList for asset : REM_API_Dummy","id":"09bdf9d0-2ffb-453b-b573-d3408642048d","status":"Success","explanation":"OK","warning":false}},{"assetType":"PolicyAction","assetObject":{"name":"Policy Action [Context-based Routing] -> Policy For API REM_API_Dummy[2.0]","id":"7f79e645-e58e-43ba-a828-2bf29bf884d1","status":"Success","explanation":"OK","warning":false}},{"assetType":"PolicyAction","assetObject":{"name":"Policy Action [Enable HTTP / HTTPS] -> Policy For API REM_API_Dummy[2.0]","id":"7de00a1e-adb0-48d6-80e2-0cefe85ee837","status":"Success","explanation":"OK","warning":false}},{"assetType":"PolicyAction","assetObject":{"name":"Policy Action [Log Invocation] -> Policy For API REM_API_Dummy[2.0]","id":"f2fab254-dc43-49de-9c77-c0d435de144f","status":"Success","explanation":"OK","warning":false}},{"assetType":"Team","assetObject":{"name":"Default","id":"Default","status":"Success","explanation":"OK","warning":false}}]