[{"assetType":"RegisteredApplication","assetObject":{"name":"RegisteredApplication [ OAuth2-application ]","id":"2d201d27-8660-48e6-8f56-f350f00278ec","status":"Success","explanation":"OK","warning":false}},{"assetType":"API","assetObject":{"name":"OAuth2_PoC[1.0]","id":"e4ccc962-da49-4a75-afe3-ae655e2aebf7","status":"Success","explanation":"OK","warning":false}},{"assetType":"PolicyAction","assetObject":{"name":"Policy Action [Enable HTTP / HTTPS] -> Policy For API OAuth2_PoC[1.0]","id":"308309d1-a3ec-4779-b314-bebbd725114a","status":"Success","explanation":"OK","warning":false}},{"assetType":"PolicyAction","assetObject":{"name":"Policy Action [Straight Through Routing] -> Policy For API OAuth2_PoC[1.0]","id":"e1e60cc7-0743-4722-8ed3-d73dda6fad4a","status":"Success","explanation":"OK","warning":false}},{"assetType":"PassmanData","assetObject":{"name":"API_ACCESS_KEY2d201d27-8660-48e6-8f56-f350f00278ec","id":"API_ACCESS_KEY2d201d27-8660-48e6-8f56-f350f00278ec","status":"Success","explanation":"OK","warning":false}},{"assetType":"PolicyAction","assetObject":{"name":"Policy Action [Identify & Authorize] -> Policy For API OAuth2_PoC[1.0]","id":"f192e966-432a-4b19-a9c4-cee241095021","status":"Success","explanation":"OK","warning":false}},{"assetType":"Strategy","assetObject":{"name":"Keyclaok strategy","id":"4be8d335-f5c0-48ac-88c3-602ace2c91f7","status":"Success","explanation":"OK","warning":false}},{"assetType":"Application","assetObject":{"name":"OAuth2-application","id":"2d201d27-8660-48e6-8f56-f350f00278ec","status":"Success","explanation":"OK","warning":false}},{"assetType":"Policy","assetObject":{"name":"Policy For API OAuth2_PoC[1.0]","id":"b757d1fc-cd44-4ebf-9ad7-feb9829d604c","status":"Success","explanation":"OK","warning":false}}]