[{"assetType":"PolicyAction","assetObject":{"name":"Policy Action [Enable HTTP / HTTPS] -> Policy For API FGSYS_API[1.0]","id":"1655d544-f348-41b1-95d3-02d13ef67d8f","status":"Success","explanation":"OK","warning":false}},{"assetType":"PolicyAction","assetObject":{"name":"Mashup Routing","id":"4c451011-20e1-4aca-8879-6ba529773c8b","status":"Success","explanation":"OK","warning":false}},{"assetType":"Policy","assetObject":{"name":"Policy For API FGSYS_API[1.0]","id":"381627ed-5155-4e1d-a9f6-7cdf0dfeaac7","status":"Success","explanation":"OK","warning":false}},{"assetType":"PolicyAction","assetObject":{"name":"Policy Action [Straight Through Routing] -> Policy For API FahrzeugDB_API[1.0]","id":"56ba292b-08f2-4cbc-85c3-bfabfb69fd8b","status":"Success","explanation":"OK","warning":false}},{"assetType":"PolicyAction","assetObject":{"name":"Policy Action [Mashup Composition action] -> Policy For API API_Mashup_PoC[1.0] Scope [sys_/mashup_get]","id":"43ba5d95-ce01-46ae-accf-175115c70481","status":"Success","explanation":"OK","warning":false}},{"assetType":"Policy","assetObject":{"name":"Policy For API API_Mashup_PoC[1.0]","id":"839a47d4-21c5-4b69-b0df-c2b6a9d6cca9","status":"Success","explanation":"OK","warning":false}},{"assetType":"PolicyAction","assetObject":{"name":"Policy Action [Enable HTTP / HTTPS] -> Policy For API FahrzeugDB_API[1.0]","id":"5a43423f-f390-4e87-89d7-f52b4611639a","status":"Success","explanation":"OK","warning":false}},{"assetType":"PolicyAction","assetObject":{"name":"Mashup Routing","id":"8b3fc118-f5d1-419d-b9eb-aabde1823b7d","status":"Success","explanation":"OK","warning":false}},{"assetType":"PolicyAction","assetObject":{"name":"Policy Action [Enable HTTP / HTTPS] -> Policy For API API_Mashup_PoC[1.0]","id":"259ddbab-898b-4722-ab40-fda5bec41444","status":"Success","explanation":"OK","warning":false}},{"assetType":"PolicyAction","assetObject":{"name":"Policy Action [Straight Through Routing] -> Policy For API FGSYS_API[1.0]","id":"5e1f1298-563b-4fe1-8ec8-c44feadd993d","status":"Success","explanation":"OK","warning":false}},{"assetType":"API","assetObject":{"name":"FahrzeugDB_API[1.0]","id":"72290dee-23f6-40dc-87a3-378390c90300","status":"Success","explanation":"OK","warning":false}},{"assetType":"API","assetObject":{"name":"FGSYS_API[1.0]","id":"3cd6aa59-0d02-4aa5-b702-de5d58325157","status":"Success","explanation":"OK","warning":false}},{"assetType":"PolicyAction","assetObject":{"name":"Policy Action [Mashup Aggregator] -> Policy For API API_Mashup_PoC[1.0] Scope [sys_/mashup_get]","id":"812fb9a2-6eff-4510-b259-dd865966caa0","status":"Success","explanation":"OK","warning":false}},{"assetType":"Policy","assetObject":{"name":"Policy For API FahrzeugDB_API[1.0]","id":"1645c1a8-3780-4f9f-bf0a-92ebfbaf4dd2","status":"Success","explanation":"OK","warning":false}},{"assetType":"API","assetObject":{"name":"API_Mashup_PoC[1.0]","id":"047376dc-4801-42f8-871d-1f3e0ad98546","status":"Success","explanation":"OK","warning":false}},{"assetType":"PolicyAction","assetObject":{"name":"Policy Action [Straight Through Routing] -> Policy For API API_Mashup_PoC[1.0]","id":"20b69290-dd27-48e0-8878-e4557e64ea51","status":"Success","explanation":"OK","warning":false}},{"assetType":"Policy","assetObject":{"name":"Policy For API API_Mashup_PoC[1.0] Scope [sys_/mashup_get]","id":"d6bb7263-0aab-44db-80db-e28e1b885166","status":"Success","explanation":"OK","warning":false}}]